Date,TEU,Terminal,Month,Year,Quarter,DayOfWeek,IsWeekend
2023-01-01,82497,Keppel,1,2023,1,Sunday,True
2023-01-02,78854,Tanjong Pagar,1,2023,1,Monday,False
2023-01-03,83991,Pasir Panjang T1-2,1,2023,1,Tuesday,False
2023-01-04,84648,Tanjong Pagar,1,2023,1,Wednesday,False
2023-01-05,76677,Keppel,1,2023,1,Thursday,False
2023-01-06,78620,Tanjong Pagar,1,2023,1,Friday,False
2023-01-07,82751,Tanjong Pagar,1,2023,1,Saturday,True
2023-01-08,81636,Tuas,1,2023,1,Sunday,True
2023-01-09,82603,Tanjong Pagar,1,2023,1,Monday,False
2023-01-10,80391,Tanjong Pagar,1,2023,1,Tuesday,False
2023-01-11,85372,Tuas,1,2023,1,Wednesday,False
2023-01-12,85218,Keppel,1,2023,1,Thursday,False
2023-01-13,83357,Pasir Panjang T3-4,1,2023,1,Friday,False
2023-01-14,86460,Tanjong Pagar,1,2023,1,Saturday,True
2023-01-15,84746,Tanjong Pagar,1,2023,1,Sunday,True
2023-01-16,81164,Tanjong Pagar,1,2023,1,Monday,False
2023-01-17,84736,Pasir Panjang T3-4,1,2023,1,Tuesday,False
2023-01-18,81153,Pasir Panjang T1-2,1,2023,1,Wednesday,False
2023-01-19,86432,Brani,1,2023,1,Thursday,False
2023-01-20,83968,Keppel,1,2023,1,Friday,False
2023-01-21,83725,Tanjong Pagar,1,2023,1,Saturday,True
2023-01-22,82472,Pasir Panjang T1-2,1,2023,1,Sunday,True
2023-01-23,87937,Keppel,1,2023,1,Monday,False
2023-01-24,84218,Pasir Panjang T1-2,1,2023,1,Tuesday,False
2023-01-25,83587,Pasir Panjang T3-4,1,2023,1,Wednesday,False
2023-01-26,83937,Tuas,1,2023,1,Thursday,False
2023-01-27,86551,Brani,1,2023,1,Friday,False
2023-01-28,86220,Tanjong Pagar,1,2023,1,Saturday,True
2023-01-29,86489,Keppel,1,2023,1,Sunday,True
2023-01-30,86677,Tuas,1,2023,1,Monday,False
2023-01-31,91604,Pasir Panjang T1-2,1,2023,1,Tuesday,False
2023-02-01,84607,Pasir Panjang T1-2,2,2023,1,Wednesday,False
2023-02-02,84447,Brani,2,2023,1,Thursday,False
2023-02-03,83740,Tanjong Pagar,2,2023,1,Friday,False
2023-02-04,87879,Tuas,2,2023,1,Saturday,True
2023-02-05,89452,Pasir Panjang T3-4,2,2023,1,Sunday,True
2023-02-06,86108,Tuas,2,2023,1,Monday,False
2023-02-07,84211,Tuas,2,2023,1,Tuesday,False
2023-02-08,84390,Keppel,2,2023,1,Wednesday,False
2023-02-09,88656,Keppel,2,2023,1,Thursday,False
2023-02-10,89050,Keppel,2,2023,1,Friday,False
2023-02-11,88625,Tuas,2,2023,1,Saturday,True
2023-02-12,85375,Pasir Panjang T1-2,2,2023,1,Sunday,True
2023-02-13,88022,Brani,2,2023,1,Monday,False
2023-02-14,87832,Tuas,2,2023,1,Tuesday,False
2023-02-15,88250,Pasir Panjang T1-2,2,2023,1,Wednesday,False
2023-02-16,90210,Tuas,2,2023,1,Thursday,False
2023-02-17,88527,Tuas,2,2023,1,Friday,False
2023-02-18,89933,Tanjong Pagar,2,2023,1,Saturday,True
2023-02-19,88352,Brani,2,2023,1,Sunday,True
2023-02-20,89102,Pasir Panjang T3-4,2,2023,1,Monday,False
2023-02-21,90188,Pasir Panjang T3-4,2,2023,1,Tuesday,False
2023-02-22,84469,Tanjong Pagar,2,2023,1,Wednesday,False
2023-02-23,87781,Keppel,2,2023,1,Thursday,False
2023-02-24,87485,Pasir Panjang T1-2,2,2023,1,Friday,False
2023-02-25,87139,Pasir Panjang T3-4,2,2023,1,Saturday,True
2023-02-26,88282,Tanjong Pagar,2,2023,1,Sunday,True
2023-02-27,93362,Pasir Panjang T1-2,2,2023,1,Monday,False
2023-02-28,86875,Keppel,2,2023,1,Tuesday,False
2023-03-01,92132,Keppel,3,2023,1,Wednesday,False
2023-03-02,84830,Pasir Panjang T1-2,3,2023,1,Thursday,False
2023-03-03,88724,Brani,3,2023,1,Friday,False
2023-03-04,90236,Pasir Panjang T1-2,3,2023,1,Saturday,True
2023-03-05,91539,Keppel,3,2023,1,Sunday,True
2023-03-06,92005,Pasir Panjang T3-4,3,2023,1,Monday,False
2023-03-07,92350,Tanjong Pagar,3,2023,1,Tuesday,False
2023-03-08,89267,Tuas,3,2023,1,Wednesday,False
2023-03-09,89061,Tanjong Pagar,3,2023,1,Thursday,False
2023-03-10,92870,Pasir Panjang T3-4,3,2023,1,Friday,False
2023-03-11,90042,Brani,3,2023,1,Saturday,True
2023-03-12,87114,Brani,3,2023,1,Sunday,True
2023-03-13,87621,Tanjong Pagar,3,2023,1,Monday,False
2023-03-14,88326,Pasir Panjang T3-4,3,2023,1,Tuesday,False
2023-03-15,92397,Tanjong Pagar,3,2023,1,Wednesday,False
2023-03-16,91507,Pasir Panjang T1-2,3,2023,1,Thursday,False
2023-03-17,93143,Pasir Panjang T3-4,3,2023,1,Friday,False
2023-03-18,90114,Tuas,3,2023,1,Saturday,True
2023-03-19,91853,Pasir Panjang T3-4,3,2023,1,Sunday,True
2023-03-20,93258,Keppel,3,2023,1,Monday,False
2023-03-21,90737,Pasir Panjang T3-4,3,2023,1,Tuesday,False
2023-03-22,92976,Pasir Panjang T3-4,3,2023,1,Wednesday,False
2023-03-23,89936,Keppel,3,2023,1,Thursday,False
2023-03-24,90864,Tanjong Pagar,3,2023,1,Friday,False
2023-03-25,90901,Tuas,3,2023,1,Saturday,True
2023-03-26,88710,Tanjong Pagar,3,2023,1,Sunday,True
2023-03-27,93507,Pasir Panjang T1-2,3,2023,1,Monday,False
2023-03-28,90914,Keppel,3,2023,1,Tuesday,False
2023-03-29,92346,Tanjong Pagar,3,2023,1,Wednesday,False
2023-03-30,93738,Pasir Panjang T3-4,3,2023,1,Thursday,False
2023-03-31,93721,Tanjong Pagar,3,2023,1,Friday,False
2023-04-01,94411,Pasir Panjang T3-4,4,2023,2,Saturday,True
2023-04-02,92348,Pasir Panjang T3-4,4,2023,2,Sunday,True
2023-04-03,91512,Tanjong Pagar,4,2023,2,Monday,False
2023-04-04,92546,Keppel,4,2023,2,Tuesday,False
2023-04-05,88115,Pasir Panjang T3-4,4,2023,2,Wednesday,False
2023-04-06,88856,Pasir Panjang T1-2,4,2023,2,Thursday,False
2023-04-07,89271,Tanjong Pagar,4,2023,2,Friday,False
2023-04-08,90246,Tuas,4,2023,2,Saturday,True
2023-04-09,94221,Keppel,4,2023,2,Sunday,True
2023-04-10,90626,Tanjong Pagar,4,2023,2,Monday,False
2023-04-11,92162,Tuas,4,2023,2,Tuesday,False
2023-04-12,96915,Tanjong Pagar,4,2023,2,Wednesday,False
2023-04-13,92334,Pasir Panjang T1-2,4,2023,2,Thursday,False
2023-04-14,95450,Tuas,4,2023,2,Friday,False
2023-04-15,90821,Pasir Panjang T1-2,4,2023,2,Saturday,True
2023-04-16,92909,Pasir Panjang T1-2,4,2023,2,Sunday,True
2023-04-17,90871,Brani,4,2023,2,Monday,False
2023-04-18,92627,Tanjong Pagar,4,2023,2,Tuesday,False
2023-04-19,95971,Pasir Panjang T1-2,4,2023,2,Wednesday,False
2023-04-20,88823,Tuas,4,2023,2,Thursday,False
2023-04-21,94914,Tanjong Pagar,4,2023,2,Friday,False
2023-04-22,94400,Tuas,4,2023,2,Saturday,True
2023-04-23,92106,Brani,4,2023,2,Sunday,True
2023-04-24,89753,Pasir Panjang T1-2,4,2023,2,Monday,False
2023-04-25,94034,Tanjong Pagar,4,2023,2,Tuesday,False
2023-04-26,92378,Pasir Panjang T1-2,4,2023,2,Wednesday,False
2023-04-27,94539,Keppel,4,2023,2,Thursday,False
2023-04-28,93973,Keppel,4,2023,2,Friday,False
2023-04-29,98419,Pasir Panjang T3-4,4,2023,2,Saturday,True
2023-04-30,93284,Tanjong Pagar,4,2023,2,Sunday,True
2023-05-01,91106,Brani,5,2023,2,Monday,False
2023-05-02,94490,Pasir Panjang T1-2,5,2023,2,Tuesday,False
2023-05-03,94618,Tanjong Pagar,5,2023,2,Wednesday,False
2023-05-04,97820,Keppel,5,2023,2,Thursday,False
2023-05-05,96362,Brani,5,2023,2,Friday,False
2023-05-06,95031,Pasir Panjang T1-2,5,2023,2,Saturday,True
2023-05-07,98134,Tuas,5,2023,2,Sunday,True
2023-05-08,90712,Tuas,5,2023,2,Monday,False
2023-05-09,92251,Keppel,5,2023,2,Tuesday,False
2023-05-10,91447,Tanjong Pagar,5,2023,2,Wednesday,False
2023-05-11,92948,Tanjong Pagar,5,2023,2,Thursday,False
2023-05-12,90180,Pasir Panjang T1-2,5,2023,2,Friday,False
2023-05-13,95806,Tanjong Pagar,5,2023,2,Saturday,True
2023-05-14,93397,Keppel,5,2023,2,Sunday,True
2023-05-15,89890,Tuas,5,2023,2,Monday,False
2023-05-16,91152,Tuas,5,2023,2,Tuesday,False
2023-05-17,94859,Tuas,5,2023,2,Wednesday,False
2023-05-18,96311,Keppel,5,2023,2,Thursday,False
2023-05-19,99536,Pasir Panjang T1-2,5,2023,2,Friday,False
2023-05-20,102084,Pasir Panjang T1-2,5,2023,2,Saturday,True
2023-05-21,95062,Keppel,5,2023,2,Sunday,True
2023-05-22,91107,Pasir Panjang T1-2,5,2023,2,Monday,False
2023-05-23,87881,Pasir Panjang T1-2,5,2023,2,Tuesday,False
2023-05-24,94572,Brani,5,2023,2,Wednesday,False
2023-05-25,91516,Pasir Panjang T3-4,5,2023,2,Thursday,False
2023-05-26,92597,Pasir Panjang T3-4,5,2023,2,Friday,False
2023-05-27,92011,Pasir Panjang T1-2,5,2023,2,Saturday,True
2023-05-28,93295,Pasir Panjang T3-4,5,2023,2,Sunday,True
2023-05-29,96636,Pasir Panjang T3-4,5,2023,2,Monday,False
2023-05-30,94051,Pasir Panjang T1-2,5,2023,2,Tuesday,False
2023-05-31,93126,Keppel,5,2023,2,Wednesday,False
2023-06-01,90627,Pasir Panjang T3-4,6,2023,2,Thursday,False
2023-06-02,88792,Pasir Panjang T3-4,6,2023,2,Friday,False
2023-06-03,92073,Tuas,6,2023,2,Saturday,True
2023-06-04,93235,Tanjong Pagar,6,2023,2,Sunday,True
2023-06-05,98285,Brani,6,2023,2,Monday,False
2023-06-06,93648,Tuas,6,2023,2,Tuesday,False
2023-06-07,95981,Pasir Panjang T1-2,6,2023,2,Wednesday,False
2023-06-08,91775,Tuas,6,2023,2,Thursday,False
2023-06-09,89798,Tanjong Pagar,6,2023,2,Friday,False
2023-06-10,90355,Tanjong Pagar,6,2023,2,Saturday,True
2023-06-11,90966,Pasir Panjang T3-4,6,2023,2,Sunday,True
2023-06-12,98895,Brani,6,2023,2,Monday,False
2023-06-13,90571,Pasir Panjang T1-2,6,2023,2,Tuesday,False
2023-06-14,95154,Brani,6,2023,2,Wednesday,False
2023-06-15,90211,Brani,6,2023,2,Thursday,False
2023-06-16,95280,Tuas,6,2023,2,Friday,False
2023-06-17,93680,Tanjong Pagar,6,2023,2,Saturday,True
2023-06-18,92092,Pasir Panjang T3-4,6,2023,2,Sunday,True
2023-06-19,92344,Tuas,6,2023,2,Monday,False
2023-06-20,90551,Pasir Panjang T1-2,6,2023,2,Tuesday,False
2023-06-21,93558,Brani,6,2023,2,Wednesday,False
2023-06-22,90959,Tanjong Pagar,6,2023,2,Thursday,False
2023-06-23,88723,Pasir Panjang T3-4,6,2023,2,Friday,False
2023-06-24,88497,Brani,6,2023,2,Saturday,True
2023-06-25,92478,Tanjong Pagar,6,2023,2,Sunday,True
2023-06-26,96335,Brani,6,2023,2,Monday,False
2023-06-27,92279,Tuas,6,2023,2,Tuesday,False
2023-06-28,91415,Keppel,6,2023,2,Wednesday,False
2023-06-29,92462,Keppel,6,2023,2,Thursday,False
2023-06-30,95232,Pasir Panjang T3-4,6,2023,2,Friday,False
2023-07-01,92103,Keppel,7,2023,3,Saturday,True
2023-07-02,90249,Tuas,7,2023,3,Sunday,True
2023-07-03,94408,Tuas,7,2023,3,Monday,False
2023-07-04,92421,Tuas,7,2023,3,Tuesday,False
2023-07-05,95429,Tuas,7,2023,3,Wednesday,False
2023-07-06,91550,Keppel,7,2023,3,Thursday,False
2023-07-07,87515,Keppel,7,2023,3,Friday,False
2023-07-08,87019,Brani,7,2023,3,Saturday,True
2023-07-09,95378,Brani,7,2023,3,Sunday,True
2023-07-10,95486,Tuas,7,2023,3,Monday,False
2023-07-11,90061,Pasir Panjang T3-4,7,2023,3,Tuesday,False
2023-07-12,89394,Pasir Panjang T1-2,7,2023,3,Wednesday,False
2023-07-13,94461,Tuas,7,2023,3,Thursday,False
2023-07-14,87171,Pasir Panjang T1-2,7,2023,3,Friday,False
2023-07-15,87667,Brani,7,2023,3,Saturday,True
2023-07-16,91874,Brani,7,2023,3,Sunday,True
2023-07-17,88867,Pasir Panjang T1-2,7,2023,3,Monday,False
2023-07-18,89857,Tanjong Pagar,7,2023,3,Tuesday,False
2023-07-19,89313,Pasir Panjang T3-4,7,2023,3,Wednesday,False
2023-07-20,90614,Pasir Panjang T1-2,7,2023,3,Thursday,False
2023-07-21,93508,Pasir Panjang T3-4,7,2023,3,Friday,False
2023-07-22,89719,Pasir Panjang T1-2,7,2023,3,Saturday,True
2023-07-23,91166,Pasir Panjang T3-4,7,2023,3,Sunday,True
2023-07-24,83519,Tuas,7,2023,3,Monday,False
2023-07-25,89020,Pasir Panjang T1-2,7,2023,3,Tuesday,False
2023-07-26,86692,Brani,7,2023,3,Wednesday,False
2023-07-27,85537,Tanjong Pagar,7,2023,3,Thursday,False
2023-07-28,86387,Pasir Panjang T3-4,7,2023,3,Friday,False
2023-07-29,87806,Tuas,7,2023,3,Saturday,True
2023-07-30,91202,Pasir Panjang T3-4,7,2023,3,Sunday,True
2023-07-31,84820,Tuas,7,2023,3,Monday,False
2023-08-01,88515,Tuas,8,2023,3,Tuesday,False
2023-08-02,86970,Pasir Panjang T3-4,8,2023,3,Wednesday,False
2023-08-03,87304,Pasir Panjang T1-2,8,2023,3,Thursday,False
2023-08-04,90925,Tanjong Pagar,8,2023,3,Friday,False
2023-08-05,89521,Tanjong Pagar,8,2023,3,Saturday,True
2023-08-06,91655,Keppel,8,2023,3,Sunday,True
2023-08-07,87374,Brani,8,2023,3,Monday,False
2023-08-08,85755,Pasir Panjang T3-4,8,2023,3,Tuesday,False
2023-08-09,86974,Brani,8,2023,3,Wednesday,False
2023-08-10,88177,Tanjong Pagar,8,2023,3,Thursday,False
2023-08-11,87890,Keppel,8,2023,3,Friday,False
2023-08-12,84258,Tuas,8,2023,3,Saturday,True
2023-08-13,87446,Tuas,8,2023,3,Sunday,True
2023-08-14,87730,Brani,8,2023,3,Monday,False
2023-08-15,94040,Pasir Panjang T3-4,8,2023,3,Tuesday,False
2023-08-16,92146,Pasir Panjang T3-4,8,2023,3,Wednesday,False
2023-08-17,84402,Tuas,8,2023,3,Thursday,False
2023-08-18,85887,Tuas,8,2023,3,Friday,False
2023-08-19,82496,Pasir Panjang T1-2,8,2023,3,Saturday,True
2023-08-20,84842,Brani,8,2023,3,Sunday,True
2023-08-21,87283,Pasir Panjang T1-2,8,2023,3,Monday,False
2023-08-22,89679,Keppel,8,2023,3,Tuesday,False
2023-08-23,84166,Brani,8,2023,3,Wednesday,False
2023-08-24,84281,Pasir Panjang T1-2,8,2023,3,Thursday,False
2023-08-25,80006,Pasir Panjang T1-2,8,2023,3,Friday,False
2023-08-26,85470,Pasir Panjang T1-2,8,2023,3,Saturday,True
2023-08-27,82858,Brani,8,2023,3,Sunday,True
2023-08-28,84259,Brani,8,2023,3,Monday,False
2023-08-29,83196,Tanjong Pagar,8,2023,3,Tuesday,False
2023-08-30,85298,Pasir Panjang T1-2,8,2023,3,Wednesday,False
2023-08-31,80552,Pasir Panjang T1-2,8,2023,3,Thursday,False
2023-09-01,81279,Tuas,9,2023,3,Friday,False
2023-09-02,91262,Pasir Panjang T1-2,9,2023,3,Saturday,True
2023-09-03,81610,Brani,9,2023,3,Sunday,True
2023-09-04,82060,Tanjong Pagar,9,2023,3,Monday,False
2023-09-05,90191,Keppel,9,2023,3,Tuesday,False
2023-09-06,93100,Brani,9,2023,3,Wednesday,False
2023-09-07,81605,Brani,9,2023,3,Thursday,False
2023-09-08,83775,Brani,9,2023,3,Friday,False
2023-09-09,85685,Brani,9,2023,3,Saturday,True
2023-09-10,89492,Pasir Panjang T3-4,9,2023,3,Sunday,True
2023-09-11,81813,Tanjong Pagar,9,2023,3,Monday,False
2023-09-12,83816,Keppel,9,2023,3,Tuesday,False
2023-09-13,86606,Tanjong Pagar,9,2023,3,Wednesday,False
2023-09-14,85576,Keppel,9,2023,3,Thursday,False
2023-09-15,83236,Pasir Panjang T3-4,9,2023,3,Friday,False
2023-09-16,83846,Tanjong Pagar,9,2023,3,Saturday,True
2023-09-17,80304,Brani,9,2023,3,Sunday,True
2023-09-18,83422,Tanjong Pagar,9,2023,3,Monday,False
2023-09-19,83279,Tuas,9,2023,3,Tuesday,False
2023-09-20,84613,Pasir Panjang T3-4,9,2023,3,Wednesday,False
2023-09-21,82347,Keppel,9,2023,3,Thursday,False
2023-09-22,85163,Keppel,9,2023,3,Friday,False
2023-09-23,86621,Tanjong Pagar,9,2023,3,Saturday,True
2023-09-24,84165,Brani,9,2023,3,Sunday,True
2023-09-25,84661,Pasir Panjang T3-4,9,2023,3,Monday,False
2023-09-26,83772,Pasir Panjang T1-2,9,2023,3,Tuesday,False
2023-09-27,83573,Tuas,9,2023,3,Wednesday,False
2023-09-28,81504,Brani,9,2023,3,Thursday,False
2023-09-29,84363,Keppel,9,2023,3,Friday,False
2023-09-30,83159,Brani,9,2023,3,Saturday,True
2023-10-01,89249,Keppel,10,2023,4,Sunday,True
2023-10-02,87752,Tuas,10,2023,4,Monday,False
2023-10-03,84387,Keppel,10,2023,4,Tuesday,False
2023-10-04,81132,Brani,10,2023,4,Wednesday,False
2023-10-05,80117,Pasir Panjang T1-2,10,2023,4,Thursday,False
2023-10-06,86533,Tanjong Pagar,10,2023,4,Friday,False
2023-10-07,83901,Brani,10,2023,4,Saturday,True
2023-10-08,84479,Brani,10,2023,4,Sunday,True
2023-10-09,78221,Keppel,10,2023,4,Monday,False
2023-10-10,85676,Tanjong Pagar,10,2023,4,Tuesday,False
2023-10-11,84326,Tanjong Pagar,10,2023,4,Wednesday,False
2023-10-12,79922,Tanjong Pagar,10,2023,4,Thursday,False
2023-10-13,81690,Brani,10,2023,4,Friday,False
2023-10-14,83730,Tanjong Pagar,10,2023,4,Saturday,True
2023-10-15,83121,Tuas,10,2023,4,Sunday,True
2023-10-16,82141,Keppel,10,2023,4,Monday,False
2023-10-17,82657,Pasir Panjang T1-2,10,2023,4,Tuesday,False
2023-10-18,82230,Pasir Panjang T3-4,10,2023,4,Wednesday,False
2023-10-19,83354,Brani,10,2023,4,Thursday,False
2023-10-20,87040,Tuas,10,2023,4,Friday,False
2023-10-21,75729,Tanjong Pagar,10,2023,4,Saturday,True
2023-10-22,82249,Keppel,10,2023,4,Sunday,True
2023-10-23,83406,Keppel,10,2023,4,Monday,False
2023-10-24,83742,Tanjong Pagar,10,2023,4,Tuesday,False
2023-10-25,81875,Keppel,10,2023,4,Wednesday,False
2023-10-26,78003,Keppel,10,2023,4,Thursday,False
2023-10-27,83848,Pasir Panjang T3-4,10,2023,4,Friday,False
2023-10-28,87776,Keppel,10,2023,4,Saturday,True
2023-10-29,78656,Tuas,10,2023,4,Sunday,True
2023-10-30,85383,Pasir Panjang T3-4,10,2023,4,Monday,False
2023-10-31,82060,Tuas,10,2023,4,Tuesday,False
2023-11-01,82827,Tanjong Pagar,11,2023,4,Wednesday,False
2023-11-02,80070,Tuas,11,2023,4,Thursday,False
2023-11-03,82104,Pasir Panjang T1-2,11,2023,4,Friday,False
2023-11-04,86705,Tuas,11,2023,4,Saturday,True
2023-11-05,84722,Brani,11,2023,4,Sunday,True
2023-11-06,87969,Tuas,11,2023,4,Monday,False
2023-11-07,86446,Pasir Panjang T1-2,11,2023,4,Tuesday,False
2023-11-08,84411,Tanjong Pagar,11,2023,4,Wednesday,False
2023-11-09,88099,Brani,11,2023,4,Thursday,False
2023-11-10,84482,Tanjong Pagar,11,2023,4,Friday,False
2023-11-11,85609,Tuas,11,2023,4,Saturday,True
2023-11-12,82501,Keppel,11,2023,4,Sunday,True
2023-11-13,83560,Keppel,11,2023,4,Monday,False
2023-11-14,81466,Pasir Panjang T1-2,11,2023,4,Tuesday,False
2023-11-15,86236,Brani,11,2023,4,Wednesday,False
2023-11-16,80215,Tanjong Pagar,11,2023,4,Thursday,False
2023-11-17,85755,Pasir Panjang T3-4,11,2023,4,Friday,False
2023-11-18,83083,Tuas,11,2023,4,Saturday,True
2023-11-19,86951,Pasir Panjang T3-4,11,2023,4,Sunday,True
2023-11-20,85831,Pasir Panjang T1-2,11,2023,4,Monday,False
2023-11-21,88885,Brani,11,2023,4,Tuesday,False
2023-11-22,85893,Pasir Panjang T1-2,11,2023,4,Wednesday,False
2023-11-23,79508,Pasir Panjang T1-2,11,2023,4,Thursday,False
2023-11-24,83786,Tanjong Pagar,11,2023,4,Friday,False
2023-11-25,80758,Tanjong Pagar,11,2023,4,Saturday,True
2023-11-26,82657,Keppel,11,2023,4,Sunday,True
2023-11-27,88409,Brani,11,2023,4,Monday,False
2023-11-28,86035,Tanjong Pagar,11,2023,4,Tuesday,False
2023-11-29,82366,Tanjong Pagar,11,2023,4,Wednesday,False
2023-11-30,81560,Tuas,11,2023,4,Thursday,False
2023-12-01,84568,Brani,12,2023,4,Friday,False
2023-12-02,81148,Pasir Panjang T1-2,12,2023,4,Saturday,True
2023-12-03,82756,Pasir Panjang T1-2,12,2023,4,Sunday,True
2023-12-04,85592,Pasir Panjang T3-4,12,2023,4,Monday,False
2023-12-05,88037,Pasir Panjang T3-4,12,2023,4,Tuesday,False
2023-12-06,86593,Keppel,12,2023,4,Wednesday,False
2023-12-07,78560,Tuas,12,2023,4,Thursday,False
2023-12-08,85917,Brani,12,2023,4,Friday,False
2023-12-09,85358,Tuas,12,2023,4,Saturday,True
2023-12-10,86407,Brani,12,2023,4,Sunday,True
2023-12-11,89868,Tanjong Pagar,12,2023,4,Monday,False
2023-12-12,79661,Pasir Panjang T3-4,12,2023,4,Tuesday,False
2023-12-13,83880,Tanjong Pagar,12,2023,4,Wednesday,False
2023-12-14,87289,Pasir Panjang T3-4,12,2023,4,Thursday,False
2023-12-15,81306,Tanjong Pagar,12,2023,4,Friday,False
2023-12-16,89969,Keppel,12,2023,4,Saturday,True
2023-12-17,86971,Pasir Panjang T1-2,12,2023,4,Sunday,True
2023-12-18,88415,Tuas,12,2023,4,Monday,False
2023-12-19,84552,Brani,12,2023,4,Tuesday,False
2023-12-20,88536,Tanjong Pagar,12,2023,4,Wednesday,False
2023-12-21,89358,Keppel,12,2023,4,Thursday,False
2023-12-22,87129,Tuas,12,2023,4,Friday,False
2023-12-23,87244,Pasir Panjang T3-4,12,2023,4,Saturday,True
2023-12-24,87457,Tanjong Pagar,12,2023,4,Sunday,True
2023-12-25,84397,Brani,12,2023,4,Monday,False
2023-12-26,86516,Keppel,12,2023,4,Tuesday,False
2023-12-27,86619,Keppel,12,2023,4,Wednesday,False
2023-12-28,88237,Tuas,12,2023,4,Thursday,False
2023-12-29,90081,Pasir Panjang T1-2,12,2023,4,Friday,False
2023-12-30,84437,Keppel,12,2023,4,Saturday,True
2023-12-31,87172,Pasir Panjang T1-2,12,2023,4,Sunday,True
2024-01-01,91792,Brani,1,2024,1,Monday,False
2024-01-02,85684,Tanjong Pagar,1,2024,1,Tuesday,False
2024-01-03,85588,Brani,1,2024,1,Wednesday,False
2024-01-04,88581,Keppel,1,2024,1,Thursday,False
2024-01-05,90504,Keppel,1,2024,1,Friday,False
2024-01-06,88298,Tuas,1,2024,1,Saturday,True
2024-01-07,92114,Pasir Panjang T3-4,1,2024,1,Sunday,True
2024-01-08,90920,Tanjong Pagar,1,2024,1,Monday,False
2024-01-09,91007,Tuas,1,2024,1,Tuesday,False
2024-01-10,90331,Pasir Panjang T1-2,1,2024,1,Wednesday,False
2024-01-11,95427,Tuas,1,2024,1,Thursday,False
2024-01-12,88466,Pasir Panjang T3-4,1,2024,1,Friday,False
2024-01-13,83562,Brani,1,2024,1,Saturday,True
2024-01-14,93796,Pasir Panjang T1-2,1,2024,1,Sunday,True
2024-01-15,88155,Pasir Panjang T1-2,1,2024,1,Monday,False
2024-01-16,89872,Pasir Panjang T3-4,1,2024,1,Tuesday,False
2024-01-17,93370,Keppel,1,2024,1,Wednesday,False
2024-01-18,85351,Keppel,1,2024,1,Thursday,False
2024-01-19,86468,Keppel,1,2024,1,Friday,False
2024-01-20,85624,Keppel,1,2024,1,Saturday,True
2024-01-21,88019,Tanjong Pagar,1,2024,1,Sunday,True
2024-01-22,91609,Tanjong Pagar,1,2024,1,Monday,False
2024-01-23,91982,Tuas,1,2024,1,Tuesday,False
2024-01-24,91424,Tanjong Pagar,1,2024,1,Wednesday,False
2024-01-25,86831,Tuas,1,2024,1,Thursday,False
2024-01-26,84455,Tanjong Pagar,1,2024,1,Friday,False
2024-01-27,91212,Pasir Panjang T3-4,1,2024,1,Saturday,True
2024-01-28,89876,Keppel,1,2024,1,Sunday,True
2024-01-29,92620,Pasir Panjang T1-2,1,2024,1,Monday,False
2024-01-30,93436,Keppel,1,2024,1,Tuesday,False
2024-01-31,91995,Brani,1,2024,1,Wednesday,False
2024-02-01,93873,Brani,2,2024,1,Thursday,False
2024-02-02,92523,Pasir Panjang T1-2,2,2024,1,Friday,False
2024-02-03,93502,Brani,2,2024,1,Saturday,True
2024-02-04,90182,Pasir Panjang T1-2,2,2024,1,Sunday,True
2024-02-05,91788,Pasir Panjang T3-4,2,2024,1,Monday,False
2024-02-06,92978,Brani,2,2024,1,Tuesday,False
2024-02-07,94861,Brani,2,2024,1,Wednesday,False
2024-02-08,91596,Tanjong Pagar,2,2024,1,Thursday,False
2024-02-09,94293,Brani,2,2024,1,Friday,False
2024-02-10,92225,Tanjong Pagar,2,2024,1,Saturday,True
2024-02-11,92775,Keppel,2,2024,1,Sunday,True
2024-02-12,95561,Tuas,2,2024,1,Monday,False
2024-02-13,87791,Tanjong Pagar,2,2024,1,Tuesday,False
2024-02-14,89875,Brani,2,2024,1,Wednesday,False
2024-02-15,89488,Tuas,2,2024,1,Thursday,False
2024-02-16,87236,Tuas,2,2024,1,Friday,False
2024-02-17,92002,Tanjong Pagar,2,2024,1,Saturday,True
2024-02-18,96131,Tanjong Pagar,2,2024,1,Sunday,True
2024-02-19,93365,Brani,2,2024,1,Monday,False
2024-02-20,94846,Pasir Panjang T1-2,2,2024,1,Tuesday,False
2024-02-21,97471,Tuas,2,2024,1,Wednesday,False
2024-02-22,98266,Keppel,2,2024,1,Thursday,False
2024-02-23,94483,Tanjong Pagar,2,2024,1,Friday,False
2024-02-24,98593,Keppel,2,2024,1,Saturday,True
2024-02-25,95186,Tuas,2,2024,1,Sunday,True
2024-02-26,92708,Tanjong Pagar,2,2024,1,Monday,False
2024-02-27,93512,Brani,2,2024,1,Tuesday,False
2024-02-28,91154,Tanjong Pagar,2,2024,1,Wednesday,False
2024-02-29,92934,Tanjong Pagar,2,2024,1,Thursday,False
2024-03-01,94539,Tuas,3,2024,1,Friday,False
2024-03-02,97911,Tanjong Pagar,3,2024,1,Saturday,True
2024-03-03,100598,Keppel,3,2024,1,Sunday,True
2024-03-04,92027,Tuas,3,2024,1,Monday,False
2024-03-05,97114,Pasir Panjang T1-2,3,2024,1,Tuesday,False
2024-03-06,93216,Tanjong Pagar,3,2024,1,Wednesday,False
2024-03-07,97572,Brani,3,2024,1,Thursday,False
2024-03-08,95989,Tuas,3,2024,1,Friday,False
2024-03-09,91341,Brani,3,2024,1,Saturday,True
2024-03-10,99177,Pasir Panjang T1-2,3,2024,1,Sunday,True
2024-03-11,94992,Pasir Panjang T1-2,3,2024,1,Monday,False
2024-03-12,95299,Pasir Panjang T1-2,3,2024,1,Tuesday,False
2024-03-13,93905,Keppel,3,2024,1,Wednesday,False
2024-03-14,95173,Tuas,3,2024,1,Thursday,False
2024-03-15,98306,Tuas,3,2024,1,Friday,False
2024-03-16,96680,Tanjong Pagar,3,2024,1,Saturday,True
2024-03-17,98231,Pasir Panjang T3-4,3,2024,1,Sunday,True
2024-03-18,98423,Pasir Panjang T3-4,3,2024,1,Monday,False
2024-03-19,101205,Pasir Panjang T3-4,3,2024,1,Tuesday,False
2024-03-20,96643,Brani,3,2024,1,Wednesday,False
2024-03-21,93562,Brani,3,2024,1,Thursday,False
2024-03-22,100778,Tuas,3,2024,1,Friday,False
2024-03-23,96953,Tanjong Pagar,3,2024,1,Saturday,True
2024-03-24,101091,Pasir Panjang T3-4,3,2024,1,Sunday,True
2024-03-25,99131,Tuas,3,2024,1,Monday,False
2024-03-26,97777,Pasir Panjang T3-4,3,2024,1,Tuesday,False
2024-03-27,99205,Brani,3,2024,1,Wednesday,False
2024-03-28,103774,Pasir Panjang T1-2,3,2024,1,Thursday,False
2024-03-29,104207,Tanjong Pagar,3,2024,1,Friday,False
2024-03-30,98665,Tuas,3,2024,1,Saturday,True
2024-03-31,98997,Brani,3,2024,1,Sunday,True
2024-04-01,101637,Tanjong Pagar,4,2024,2,Monday,False
2024-04-02,96330,Pasir Panjang T3-4,4,2024,2,Tuesday,False
2024-04-03,99702,Pasir Panjang T1-2,4,2024,2,Wednesday,False
2024-04-04,98767,Pasir Panjang T1-2,4,2024,2,Thursday,False
2024-04-05,99787,Tanjong Pagar,4,2024,2,Friday,False
2024-04-06,96641,Pasir Panjang T3-4,4,2024,2,Saturday,True
2024-04-07,94588,Pasir Panjang T1-2,4,2024,2,Sunday,True
2024-04-08,93297,Pasir Panjang T3-4,4,2024,2,Monday,False
2024-04-09,96033,Pasir Panjang T3-4,4,2024,2,Tuesday,False
2024-04-10,97936,Keppel,4,2024,2,Wednesday,False
2024-04-11,98456,Keppel,4,2024,2,Thursday,False
2024-04-12,104756,Tuas,4,2024,2,Friday,False
2024-04-13,102481,Pasir Panjang T1-2,4,2024,2,Saturday,True
2024-04-14,96742,Brani,4,2024,2,Sunday,True
2024-04-15,100458,Keppel,4,2024,2,Monday,False
2024-04-16,98391,Pasir Panjang T1-2,4,2024,2,Tuesday,False
2024-04-17,98780,Pasir Panjang T3-4,4,2024,2,Wednesday,False
2024-04-18,100138,Tanjong Pagar,4,2024,2,Thursday,False
2024-04-19,101393,Pasir Panjang T1-2,4,2024,2,Friday,False
2024-04-20,98748,Tuas,4,2024,2,Saturday,True
2024-04-21,102714,Keppel,4,2024,2,Sunday,True
2024-04-22,96572,Keppel,4,2024,2,Monday,False
2024-04-23,99820,Tuas,4,2024,2,Tuesday,False
2024-04-24,107106,Tanjong Pagar,4,2024,2,Wednesday,False
2024-04-25,100485,Brani,4,2024,2,Thursday,False
2024-04-26,103900,Brani,4,2024,2,Friday,False
2024-04-27,100168,Pasir Panjang T3-4,4,2024,2,Saturday,True
2024-04-28,101560,Tanjong Pagar,4,2024,2,Sunday,True
2024-04-29,99795,Brani,4,2024,2,Monday,False
2024-04-30,99495,Tanjong Pagar,4,2024,2,Tuesday,False
2024-05-01,97805,Pasir Panjang T3-4,5,2024,2,Wednesday,False
2024-05-02,101207,Pasir Panjang T1-2,5,2024,2,Thursday,False
2024-05-03,97630,Brani,5,2024,2,Friday,False
2024-05-04,101887,Brani,5,2024,2,Saturday,True
2024-05-05,103070,Tanjong Pagar,5,2024,2,Sunday,True
2024-05-06,101063,Tuas,5,2024,2,Monday,False
2024-05-07,99239,Pasir Panjang T1-2,5,2024,2,Tuesday,False
2024-05-08,101313,Keppel,5,2024,2,Wednesday,False
2024-05-09,99177,Brani,5,2024,2,Thursday,False
2024-05-10,102659,Pasir Panjang T3-4,5,2024,2,Friday,False
2024-05-11,94906,Pasir Panjang T3-4,5,2024,2,Saturday,True
2024-05-12,99088,Brani,5,2024,2,Sunday,True
2024-05-13,94445,Keppel,5,2024,2,Monday,False
2024-05-14,95822,Pasir Panjang T1-2,5,2024,2,Tuesday,False
2024-05-15,103814,Pasir Panjang T1-2,5,2024,2,Wednesday,False
2024-05-16,102487,Pasir Panjang T1-2,5,2024,2,Thursday,False
2024-05-17,97950,Tanjong Pagar,5,2024,2,Friday,False
2024-05-18,95738,Brani,5,2024,2,Saturday,True
2024-05-19,91624,Pasir Panjang T1-2,5,2024,2,Sunday,True
2024-05-20,98380,Tuas,5,2024,2,Monday,False
2024-05-21,106655,Pasir Panjang T1-2,5,2024,2,Tuesday,False
2024-05-22,101069,Brani,5,2024,2,Wednesday,False
2024-05-23,98256,Pasir Panjang T1-2,5,2024,2,Thursday,False
2024-05-24,101094,Keppel,5,2024,2,Friday,False
2024-05-25,95389,Tanjong Pagar,5,2024,2,Saturday,True
2024-05-26,98893,Pasir Panjang T3-4,5,2024,2,Sunday,True
2024-05-27,99968,Tuas,5,2024,2,Monday,False
2024-05-28,99410,Tuas,5,2024,2,Tuesday,False
2024-05-29,101826,Pasir Panjang T1-2,5,2024,2,Wednesday,False
2024-05-30,100535,Tanjong Pagar,5,2024,2,Thursday,False
2024-05-31,101398,Tuas,5,2024,2,Friday,False
2024-06-01,97554,Brani,6,2024,2,Saturday,True
2024-06-02,101948,Keppel,6,2024,2,Sunday,True
2024-06-03,103947,Tuas,6,2024,2,Monday,False
2024-06-04,96619,Pasir Panjang T3-4,6,2024,2,Tuesday,False
2024-06-05,96797,Pasir Panjang T3-4,6,2024,2,Wednesday,False
2024-06-06,102969,Keppel,6,2024,2,Thursday,False
2024-06-07,98638,Tuas,6,2024,2,Friday,False
2024-06-08,103047,Brani,6,2024,2,Saturday,True
2024-06-09,97818,Pasir Panjang T1-2,6,2024,2,Sunday,True
2024-06-10,103071,Pasir Panjang T3-4,6,2024,2,Monday,False
2024-06-11,99303,Pasir Panjang T1-2,6,2024,2,Tuesday,False
2024-06-12,99594,Keppel,6,2024,2,Wednesday,False
2024-06-13,103187,Keppel,6,2024,2,Thursday,False
2024-06-14,97726,Brani,6,2024,2,Friday,False
2024-06-15,96036,Tuas,6,2024,2,Saturday,True
2024-06-16,97346,Pasir Panjang T3-4,6,2024,2,Sunday,True
2024-06-17,99797,Brani,6,2024,2,Monday,False
2024-06-18,94074,Pasir Panjang T3-4,6,2024,2,Tuesday,False
2024-06-19,100169,Pasir Panjang T3-4,6,2024,2,Wednesday,False
2024-06-20,96801,Brani,6,2024,2,Thursday,False
2024-06-21,101446,Brani,6,2024,2,Friday,False
2024-06-22,91451,Tuas,6,2024,2,Saturday,True
2024-06-23,95873,Pasir Panjang T1-2,6,2024,2,Sunday,True
2024-06-24,99273,Tanjong Pagar,6,2024,2,Monday,False
2024-06-25,101600,Pasir Panjang T3-4,6,2024,2,Tuesday,False
2024-06-26,104524,Pasir Panjang T1-2,6,2024,2,Wednesday,False
2024-06-27,103245,Pasir Panjang T1-2,6,2024,2,Thursday,False
2024-06-28,102952,Pasir Panjang T3-4,6,2024,2,Friday,False
2024-06-29,103130,Tuas,6,2024,2,Saturday,True
2024-06-30,104058,Keppel,6,2024,2,Sunday,True
2024-07-01,100576,Brani,7,2024,3,Monday,False
2024-07-02,105290,Keppel,7,2024,3,Tuesday,False
2024-07-03,105076,Pasir Panjang T1-2,7,2024,3,Wednesday,False
2024-07-04,104207,Brani,7,2024,3,Thursday,False
2024-07-05,104595,Brani,7,2024,3,Friday,False
2024-07-06,103774,Pasir Panjang T3-4,7,2024,3,Saturday,True
2024-07-07,108548,Brani,7,2024,3,Sunday,True
2024-07-08,102512,Brani,7,2024,3,Monday,False
2024-07-09,101800,Brani,7,2024,3,Tuesday,False
2024-07-10,100454,Keppel,7,2024,3,Wednesday,False
2024-07-11,99576,Tanjong Pagar,7,2024,3,Thursday,False
2024-07-12,98885,Pasir Panjang T3-4,7,2024,3,Friday,False
2024-07-13,99782,Tanjong Pagar,7,2024,3,Saturday,True
2024-07-14,101974,Keppel,7,2024,3,Sunday,True
2024-07-15,103008,Pasir Panjang T3-4,7,2024,3,Monday,False
2024-07-16,102116,Tanjong Pagar,7,2024,3,Tuesday,False
2024-07-17,99728,Pasir Panjang T1-2,7,2024,3,Wednesday,False
2024-07-18,104291,Pasir Panjang T3-4,7,2024,3,Thursday,False
2024-07-19,103740,Pasir Panjang T1-2,7,2024,3,Friday,False
2024-07-20,101120,Keppel,7,2024,3,Saturday,True
2024-07-21,99637,Tanjong Pagar,7,2024,3,Sunday,True
2024-07-22,102898,Tuas,7,2024,3,Monday,False
2024-07-23,101786,Keppel,7,2024,3,Tuesday,False
2024-07-24,97102,Pasir Panjang T3-4,7,2024,3,Wednesday,False
2024-07-25,100863,Keppel,7,2024,3,Thursday,False
2024-07-26,101683,Tanjong Pagar,7,2024,3,Friday,False
2024-07-27,98327,Pasir Panjang T3-4,7,2024,3,Saturday,True
2024-07-28,101273,Tuas,7,2024,3,Sunday,True
2024-07-29,96564,Tuas,7,2024,3,Monday,False
2024-07-30,104275,Pasir Panjang T3-4,7,2024,3,Tuesday,False
2024-07-31,103924,Keppel,7,2024,3,Wednesday,False
2024-08-01,99619,Tuas,8,2024,3,Thursday,False
2024-08-02,101239,Pasir Panjang T3-4,8,2024,3,Friday,False
2024-08-03,93370,Keppel,8,2024,3,Saturday,True
2024-08-04,96776,Tanjong Pagar,8,2024,3,Sunday,True
2024-08-05,99088,Tuas,8,2024,3,Monday,False
2024-08-06,96805,Keppel,8,2024,3,Tuesday,False
2024-08-07,101704,Pasir Panjang T3-4,8,2024,3,Wednesday,False
2024-08-08,105193,Tanjong Pagar,8,2024,3,Thursday,False
2024-08-09,96204,Keppel,8,2024,3,Friday,False
2024-08-10,97051,Keppel,8,2024,3,Saturday,True
2024-08-11,99953,Keppel,8,2024,3,Sunday,True
2024-08-12,103704,Pasir Panjang T3-4,8,2024,3,Monday,False
2024-08-13,95669,Tuas,8,2024,3,Tuesday,False
2024-08-14,99688,Tuas,8,2024,3,Wednesday,False
2024-08-15,103990,Pasir Panjang T3-4,8,2024,3,Thursday,False
2024-08-16,94166,Keppel,8,2024,3,Friday,False
2024-08-17,95105,Tuas,8,2024,3,Saturday,True
2024-08-18,97408,Pasir Panjang T1-2,8,2024,3,Sunday,True
2024-08-19,97038,Pasir Panjang T1-2,8,2024,3,Monday,False
2024-08-20,100674,Pasir Panjang T3-4,8,2024,3,Tuesday,False
2024-08-21,98979,Pasir Panjang T3-4,8,2024,3,Wednesday,False
2024-08-22,93237,Tuas,8,2024,3,Thursday,False
2024-08-23,99556,Pasir Panjang T1-2,8,2024,3,Friday,False
2024-08-24,96401,Pasir Panjang T1-2,8,2024,3,Saturday,True
2024-08-25,101494,Pasir Panjang T3-4,8,2024,3,Sunday,True
2024-08-26,96076,Keppel,8,2024,3,Monday,False
2024-08-27,95959,Keppel,8,2024,3,Tuesday,False
2024-08-28,99167,Pasir Panjang T1-2,8,2024,3,Wednesday,False
2024-08-29,99698,Tanjong Pagar,8,2024,3,Thursday,False
2024-08-30,98728,Keppel,8,2024,3,Friday,False
2024-08-31,92667,Pasir Panjang T3-4,8,2024,3,Saturday,True
2024-09-01,98807,Tuas,9,2024,3,Sunday,True
2024-09-02,94319,Pasir Panjang T1-2,9,2024,3,Monday,False
2024-09-03,97790,Brani,9,2024,3,Tuesday,False
2024-09-04,93061,Brani,9,2024,3,Wednesday,False
2024-09-05,98216,Pasir Panjang T3-4,9,2024,3,Thursday,False
2024-09-06,94627,Pasir Panjang T1-2,9,2024,3,Friday,False
2024-09-07,93215,Tanjong Pagar,9,2024,3,Saturday,True
2024-09-08,98727,Pasir Panjang T1-2,9,2024,3,Sunday,True
2024-09-09,97328,Brani,9,2024,3,Monday,False
2024-09-10,94857,Pasir Panjang T3-4,9,2024,3,Tuesday,False
2024-09-11,100566,Tuas,9,2024,3,Wednesday,False
2024-09-12,95196,Tuas,9,2024,3,Thursday,False
2024-09-13,96449,Pasir Panjang T1-2,9,2024,3,Friday,False
2024-09-14,97042,Brani,9,2024,3,Saturday,True
2024-09-15,94486,Brani,9,2024,3,Sunday,True
2024-09-16,97473,Keppel,9,2024,3,Monday,False
2024-09-17,94595,Tuas,9,2024,3,Tuesday,False
2024-09-18,94872,Tuas,9,2024,3,Wednesday,False
2024-09-19,99778,Tuas,9,2024,3,Thursday,False
2024-09-20,92988,Keppel,9,2024,3,Friday,False
2024-09-21,89087,Keppel,9,2024,3,Saturday,True
2024-09-22,100296,Tuas,9,2024,3,Sunday,True
2024-09-23,102868,Pasir Panjang T1-2,9,2024,3,Monday,False
2024-09-24,94541,Pasir Panjang T3-4,9,2024,3,Tuesday,False
2024-09-25,90200,Brani,9,2024,3,Wednesday,False
2024-09-26,94704,Brani,9,2024,3,Thursday,False
2024-09-27,94723,Pasir Panjang T1-2,9,2024,3,Friday,False
2024-09-28,94945,Pasir Panjang T3-4,9,2024,3,Saturday,True
2024-09-29,92314,Brani,9,2024,3,Sunday,True
2024-09-30,97011,Pasir Panjang T3-4,9,2024,3,Monday,False
2024-10-01,96815,Keppel,10,2024,4,Tuesday,False
2024-10-02,91122,Brani,10,2024,4,Wednesday,False
2024-10-03,97226,Tuas,10,2024,4,Thursday,False
2024-10-04,100979,Tuas,10,2024,4,Friday,False
2024-10-05,95679,Tuas,10,2024,4,Saturday,True
2024-10-06,94220,Keppel,10,2024,4,Sunday,True
2024-10-07,94737,Tuas,10,2024,4,Monday,False
2024-10-08,96828,Tuas,10,2024,4,Tuesday,False
2024-10-09,90233,Tuas,10,2024,4,Wednesday,False
2024-10-10,95514,Tanjong Pagar,10,2024,4,Thursday,False
2024-10-11,93938,Pasir Panjang T3-4,10,2024,4,Friday,False
2024-10-12,100184,Tuas,10,2024,4,Saturday,True
2024-10-13,94504,Pasir Panjang T3-4,10,2024,4,Sunday,True
2024-10-14,99645,Keppel,10,2024,4,Monday,False
2024-10-15,91869,Pasir Panjang T3-4,10,2024,4,Tuesday,False
2024-10-16,96591,Tanjong Pagar,10,2024,4,Wednesday,False
2024-10-17,95830,Brani,10,2024,4,Thursday,False
2024-10-18,92494,Pasir Panjang T1-2,10,2024,4,Friday,False
2024-10-19,95417,Brani,10,2024,4,Saturday,True
2024-10-20,98310,Pasir Panjang T3-4,10,2024,4,Sunday,True
2024-10-21,94006,Keppel,10,2024,4,Monday,False
2024-10-22,90174,Pasir Panjang T1-2,10,2024,4,Tuesday,False
2024-10-23,94864,Pasir Panjang T1-2,10,2024,4,Wednesday,False
2024-10-24,92390,Pasir Panjang T1-2,10,2024,4,Thursday,False
2024-10-25,93963,Keppel,10,2024,4,Friday,False
2024-10-26,94701,Keppel,10,2024,4,Saturday,True
2024-10-27,90163,Keppel,10,2024,4,Sunday,True
2024-10-28,90427,Brani,10,2024,4,Monday,False
2024-10-29,96314,Pasir Panjang T1-2,10,2024,4,Tuesday,False
2024-10-30,93517,Brani,10,2024,4,Wednesday,False
2024-10-31,87817,Brani,10,2024,4,Thursday,False
2024-11-01,97216,Keppel,11,2024,4,Friday,False
2024-11-02,95803,Keppel,11,2024,4,Saturday,True
2024-11-03,93066,Pasir Panjang T1-2,11,2024,4,Sunday,True
2024-11-04,91403,Pasir Panjang T3-4,11,2024,4,Monday,False
2024-11-05,97459,Keppel,11,2024,4,Tuesday,False
2024-11-06,96127,Tuas,11,2024,4,Wednesday,False
2024-11-07,101853,Pasir Panjang T1-2,11,2024,4,Thursday,False
2024-11-08,96392,Keppel,11,2024,4,Friday,False
2024-11-09,96338,Brani,11,2024,4,Saturday,True
2024-11-10,94824,Tanjong Pagar,11,2024,4,Sunday,True
2024-11-11,97618,Tanjong Pagar,11,2024,4,Monday,False
2024-11-12,97124,Brani,11,2024,4,Tuesday,False
2024-11-13,98924,Brani,11,2024,4,Wednesday,False
2024-11-14,94006,Pasir Panjang T3-4,11,2024,4,Thursday,False
2024-11-15,94295,Tanjong Pagar,11,2024,4,Friday,False
2024-11-16,94223,Tuas,11,2024,4,Saturday,True
2024-11-17,97831,Keppel,11,2024,4,Sunday,True
2024-11-18,99867,Tanjong Pagar,11,2024,4,Monday,False
2024-11-19,94443,Pasir Panjang T3-4,11,2024,4,Tuesday,False
2024-11-20,94597,Pasir Panjang T3-4,11,2024,4,Wednesday,False
2024-11-21,96727,Pasir Panjang T1-2,11,2024,4,Thursday,False
2024-11-22,95221,Tanjong Pagar,11,2024,4,Friday,False
2024-11-23,98639,Tanjong Pagar,11,2024,4,Saturday,True
2024-11-24,89735,Brani,11,2024,4,Sunday,True
2024-11-25,93793,Brani,11,2024,4,Monday,False
2024-11-26,93987,Tuas,11,2024,4,Tuesday,False
2024-11-27,89753,Keppel,11,2024,4,Wednesday,False
2024-11-28,93625,Keppel,11,2024,4,Thursday,False
2024-11-29,93836,Tuas,11,2024,4,Friday,False
2024-11-30,95913,Tanjong Pagar,11,2024,4,Saturday,True
2024-12-01,99671,Tanjong Pagar,12,2024,4,Sunday,True
2024-12-02,95949,Brani,12,2024,4,Monday,False
2024-12-03,93832,Brani,12,2024,4,Tuesday,False
2024-12-04,96643,Pasir Panjang T1-2,12,2024,4,Wednesday,False
2024-12-05,99826,Tuas,12,2024,4,Thursday,False
2024-12-06,94243,Tuas,12,2024,4,Friday,False
2024-12-07,94515,Keppel,12,2024,4,Saturday,True
2024-12-08,98720,Tuas,12,2024,4,Sunday,True
2024-12-09,96628,Pasir Panjang T1-2,12,2024,4,Monday,False
2024-12-10,99156,Tanjong Pagar,12,2024,4,Tuesday,False
2024-12-11,97400,Tuas,12,2024,4,Wednesday,False
2024-12-12,99500,Tanjong Pagar,12,2024,4,Thursday,False
2024-12-13,94736,Pasir Panjang T1-2,12,2024,4,Friday,False
2024-12-14,97701,Pasir Panjang T3-4,12,2024,4,Saturday,True
2024-12-15,97246,Keppel,12,2024,4,Sunday,True
2024-12-16,94535,Keppel,12,2024,4,Monday,False
2024-12-17,93666,Brani,12,2024,4,Tuesday,False
2024-12-18,100070,Tuas,12,2024,4,Wednesday,False
2024-12-19,97275,Keppel,12,2024,4,Thursday,False
2024-12-20,95504,Pasir Panjang T1-2,12,2024,4,Friday,False
2024-12-21,98207,Brani,12,2024,4,Saturday,True
2024-12-22,101746,Tanjong Pagar,12,2024,4,Sunday,True
2024-12-23,92314,Pasir Panjang T3-4,12,2024,4,Monday,False
2024-12-24,94624,Pasir Panjang T3-4,12,2024,4,Tuesday,False
2024-12-25,96345,Pasir Panjang T1-2,12,2024,4,Wednesday,False
2024-12-26,103137,Keppel,12,2024,4,Thursday,False
2024-12-27,99954,Tanjong Pagar,12,2024,4,Friday,False
2024-12-28,101430,Brani,12,2024,4,Saturday,True
2024-12-29,96209,Pasir Panjang T1-2,12,2024,4,Sunday,True
2024-12-30,96387,Pasir Panjang T1-2,12,2024,4,Monday,False
2024-12-31,100897,Keppel,12,2024,4,Tuesday,False
